{
  "0": {
    "precision": 0.9032258064516129,
    "recall": 0.958904109589041,
    "f1-score": 0.9302325581395349,
    "support": 146.0
  },
  "1": {
    "precision": 0.8333333333333334,
    "recall": 0.6666666666666666,
    "f1-score": 0.7407407407407407,
    "support": 45.0
  },
  "accuracy": 0.8900523560209425,
  "macro avg": {
    "precision": 0.8682795698924731,
    "recall": 0.8127853881278538,
    "f1-score": 0.8354866494401378,
    "support": 191.0
  },
  "weighted avg": {
    "precision": 0.8867589934132748,
    "recall": 0.8900523560209425,
    "f1-score": 0.8855878891188764,
    "support": 191.0
  }
}