{
  "model": "Artificial Neural Network",
  "accuracy": 0.8900523560209425,
  "precision": 0.8333333333333334,
  "recall": 0.6666666666666666,
  "f1": 0.7407407407407407,
  "roc_auc": 0.952435312024353,
  "n_samples": 191,
  "true_negatives": 140,
  "false_positives": 6,
  "false_negatives": 15,
  "true_positives": 30
}