{
  "0": {
    "precision": 0.9420289855072463,
    "recall": 0.8904109589041096,
    "f1-score": 0.9154929577464789,
    "support": 146.0
  },
  "1": {
    "precision": 0.6981132075471698,
    "recall": 0.8222222222222222,
    "f1-score": 0.7551020408163265,
    "support": 45.0
  },
  "accuracy": 0.8743455497382199,
  "macro avg": {
    "precision": 0.820071096527208,
    "recall": 0.8563165905631659,
    "f1-score": 0.8352974992814026,
    "support": 191.0
  },
  "weighted avg": {
    "precision": 0.8845619174014692,
    "recall": 0.8743455497382199,
    "f1-score": 0.8777045218205268,
    "support": 191.0
  }
}