{
  "model": "Random Forest",
  "accuracy": 0.8743455497382199,
  "precision": 0.6981132075471698,
  "recall": 0.8222222222222222,
  "f1": 0.7551020408163265,
  "roc_auc": 0.9589802130898022,
  "n_samples": 191,
  "true_negatives": 130,
  "false_positives": 16,
  "false_negatives": 8,
  "true_positives": 37
}