{
  "0": {
    "precision": 0.9078947368421053,
    "recall": 0.9452054794520548,
    "f1-score": 0.9261744966442953,
    "support": 146.0
  },
  "1": {
    "precision": 0.7948717948717948,
    "recall": 0.6888888888888889,
    "f1-score": 0.7380952380952381,
    "support": 45.0
  },
  "accuracy": 0.8848167539267016,
  "macro avg": {
    "precision": 0.85138326585695,
    "recall": 0.8170471841704718,
    "f1-score": 0.8321348673697667,
    "support": 191.0
  },
  "weighted avg": {
    "precision": 0.8812662950166394,
    "recall": 0.8848167539267016,
    "f1-score": 0.8818626294468734,
    "support": 191.0
  }
}