{
  "model": "Gradient Boosting",
  "accuracy": 0.8848167539267016,
  "precision": 0.7948717948717948,
  "recall": 0.6888888888888889,
  "f1": 0.7380952380952381,
  "roc_auc": 0.9618721461187215,
  "n_samples": 191,
  "true_negatives": 138,
  "false_positives": 8,
  "false_negatives": 14,
  "true_positives": 31
}