,ServicesGroup,BookedHotel,Churn_Rate,Count
0,Low (1-2),No,0.34564643799472294,379
1,Low (1-2),Yes,0.06965174129353234,201
2,Medium (3-4),No,0.15789473684210525,152
3,Medium (3-4),Yes,0.0898876404494382,89
4,High (5-6),No,0.4666666666666667,45
5,High (5-6),Yes,0.29545454545454547,88
