,Age,ServicesOpted,Churn,FrequentFlyer,SocialMediaSync,BookedHotel,IncomeClass
Age,1.0,-0.012421837508811973,-0.13153353248624436,0.04926133169189961,-0.01636653953150162,0.024281137646737085,-0.016318537538103587
ServicesOpted,-0.012421837508811973,1.0,0.03864564468599421,-0.1738811250988853,-0.14865528802572414,0.15588579970960167,0.09030747810575011
Churn,-0.13153353248624436,0.03864564468599421,1.0,0.43097301153993434,0.07383086505414861,-0.20605524581443913,0.14236455528139777
FrequentFlyer,0.04926133169189961,-0.1738811250988853,0.43097301153993434,1.0,-0.09404175009015105,-0.19328058459681074,0.3190772042650159
SocialMediaSync,-0.01636653953150162,-0.14865528802572414,0.07383086505414861,-0.09404175009015105,1.0,-0.10010416252172871,-0.2271006805307402
BookedHotel,0.024281137646737085,0.15588579970960167,-0.20605524581443913,-0.19328058459681074,-0.10010416252172871,1.0,-0.0240676857167087
IncomeClass,-0.016318537538103587,0.09030747810575011,0.14236455528139777,0.3190772042650159,-0.2271006805307402,-0.0240676857167087,1.0
