{
  "0": {
    "precision": 0.9147286821705426,
    "recall": 0.8082191780821918,
    "f1-score": 0.8581818181818182,
    "support": 146.0
  },
  "1": {
    "precision": 0.5483870967741935,
    "recall": 0.7555555555555555,
    "f1-score": 0.6355140186915887,
    "support": 45.0
  },
  "accuracy": 0.7958115183246073,
  "macro avg": {
    "precision": 0.731557889472368,
    "recall": 0.7818873668188737,
    "f1-score": 0.7468479184367034,
    "support": 191.0
  },
  "weighted avg": {
    "precision": 0.828417837443654,
    "recall": 0.7958115183246073,
    "f1-score": 0.8057208183019212,
    "support": 191.0
  }
}