{
  "model": "Logistic Regression",
  "accuracy": 0.7958115183246073,
  "precision": 0.5483870967741935,
  "recall": 0.7555555555555555,
  "f1": 0.6355140186915887,
  "roc_auc": 0.8617199391171995,
  "n_samples": 191,
  "true_negatives": 118,
  "false_positives": 28,
  "false_negatives": 11,
  "true_positives": 34
}